Name,Email,Phone
Tommie Goody,tgoody0@weather.com,809-992-7298
Obadiah Godfery,ogodfery1@a8.net,560-745-9361
Hewe Andriulis,handriulis2@auda.org.au,637-129-6073
Nicola Schaffel,nschaffel3@umn.edu,936-816-9031
Linnet Fellgate,lfellgate4@ameblo.jp,837-475-7739
Jeannine Espinola,jespinola5@slideshare.net,549-439-3223
Ferdie Arlet,farlet6@craigslist.org,144-434-8144
Deb Risebarer,drisebarer7@hostgator.com,646-626-7781
Randell Girt,rgirt8@facebook.com,290-785-0219
Ree Totman,rtotman9@paginegialle.it,419-943-4400
Christean Torrans,ctorransa@phpbb.com,746-940-0040
Suzanna Bourke,sbourkeb@github.com,240-515-9183
Steve Nehlsen,snehlsenc@xinhuanet.com,545-521-1909
Kaile Antonelli,kantonellid@weibo.com,447-609-0560
Stu Aizikov,saizikove@vinaora.com,336-657-2027
Karlene felip,kfelipf@umich.edu,534-502-1339
Mychal Mellsop,mmellsopg@hhs.gov,189-732-1229
Emera Wybrew,ewybrewh@ask.com,211-224-3475
Farah Bernardo,fbernardoi@goodreads.com,835-107-7540
Lyndell Swinfon,lswinfonj@usnews.com,374-302-3174
Bern China,bchinak@seattletimes.com,708-117-4249
Darn Balden,dbaldenl@nydailynews.com,683-287-2503
Midge Belton,mbeltonm@merriam-webster.com,329-788-7529
Roth Mollen,rmollenn@bandcamp.com,310-924-5335
Port Giurio,pgiurioo@foxnews.com,936-533-1868
Ambros Reuter,areuterp@guardian.co.uk,951-979-8732
Alverta Brockhurst,abrockhurstq@devhub.com,507-127-0423
Retha Henriet,rhenrietr@washington.edu,307-253-4984
Durward Haken,dhakens@seesaa.net,284-987-6149
Elsa Forestel,eforestelt@narod.ru,275-240-6652
Reinaldo Gretton,rgrettonu@about.me,929-420-4654
Hy Letten,hlettenv@naver.com,106-459-2053
Ardith Tibbles,atibblesw@hc360.com,131-959-8267
Rickie Trundell,rtrundellx@simplemachines.org,410-954-4692
Georges Luthwood,gluthwoody@wired.com,681-466-3674
Dasie Peever,dpeeverz@yellowbook.com,804-468-5501
Joel Rand,jrand10@nhs.uk,645-721-6406
Lorine Rozec,lrozec11@cloudflare.com,191-832-2342
Linda Hellard,lhellard12@upenn.edu,174-590-0857
Haskell Vasyutochkin,hvasyutochkin13@baidu.com,320-231-4248
Ann Klaaassen,aklaaassen14@wsj.com,278-198-8970
Evania McMechan,emcmechan15@sciencedirect.com,590-837-4483
Wendi Bumfrey,wbumfrey16@ameblo.jp,233-859-4684
Lurette Dillamore,ldillamore17@oaic.gov.au,316-239-3555
Dud Rustadge,drustadge18@xing.com,569-364-9027
Concettina Stather,cstather19@unc.edu,660-728-5758
Blakelee Barson,bbarson1a@google.cn,346-856-0224
Winnie Woodall,wwoodall1b@live.com,879-475-8053
Rutter Fulford,rfulford1c@google.de,534-569-1873
Leah Veryan,lveryan1d@cpanel.net,811-638-1115
Illa Asplin,iasplin1e@bloomberg.com,996-929-0517
Erv Dimmack,edimmack1f@webmd.com,203-723-3224
Garfield Sweeting,gsweeting1g@ezinearticles.com,819-576-8788
Joyann Ridehalgh,jridehalgh1h@senate.gov,305-524-6635
Emilie Yearn,eyearn1i@techcrunch.com,412-602-0556
Elden Garrick,egarrick1j@nasa.gov,626-376-4276
Giff Millberg,gmillberg1k@cpanel.net,696-559-2020
Kara Ritson,kritson1l@amazon.de,996-366-3500
Emlen Menier,emenier1m@slideshare.net,816-116-8759
Martica Yurkevich,myurkevich1n@1und1.de,602-521-3392
Donielle Spinetti,dspinetti1o@vimeo.com,608-779-0863
Major Carlaw,mcarlaw1p@eepurl.com,762-956-1732
Ivy Cordelet,icordelet1q@reddit.com,837-768-4718
Marcel Renon,mrenon1r@opera.com,419-557-9127
Chip Jeafferson,cjeafferson1s@europa.eu,829-748-2594
Holly Loges,hloges1t@va.gov,381-275-0793
Valentino Thurbon,vthurbon1u@mysql.com,152-737-4135
Patin Guitonneau,pguitonneau1v@europa.eu,688-378-0529
Carita Jobbins,cjobbins1w@delicious.com,905-266-3279
Starla Haysham,shaysham1x@wordpress.org,623-666-9115
Ramsey Dohmer,rdohmer1y@seattletimes.com,407-808-1713
Alma Boggish,aboggish1z@economist.com,336-934-2309
Eldredge Carrel,ecarrel20@mapquest.com,219-867-1584
Merrill Grzegorek,mgrzegorek21@technorati.com,387-900-0104
Alix Dobeson,adobeson22@oakley.com,904-691-9472
Carmencita Tuer,ctuer23@accuweather.com,297-966-0660
Parsifal Heining,pheining24@economist.com,795-266-3216
Thom Andrysek,tandrysek25@google.pl,562-339-4072
Janie Rogger,jrogger26@homestead.com,568-513-6224
Sumner Throughton,sthroughton27@rakuten.co.jp,770-991-7165
Maurice Wagge,mwagge28@forbes.com,461-488-1202
Dora Tennock,dtennock29@so-net.ne.jp,410-988-1028
Hilliard Exroll,hexroll2a@mapquest.com,160-834-8433
Roderic Sawtell,rsawtell2b@google.ca,144-620-7578
Dorrie Bleackly,dbleackly2c@wisc.edu,463-475-3824
Bernete Emmet,bemmet2d@ustream.tv,941-196-0514
Brady Fray,bfray2e@soundcloud.com,638-628-2310
Dona Paton,dpaton2f@cnet.com,353-382-6579
Baird Curtain,bcurtain2g@free.fr,341-807-7755
Lonna Pinkney,lpinkney2h@indiatimes.com,356-932-4041
Jo Allum,jallum2i@ustream.tv,462-454-0603
Samson Benny,sbenny2j@who.int,931-467-0791
Mureil Izat,mizat2k@cmu.edu,168-666-0120
Flem Clausen,fclausen2l@bluehost.com,582-521-4749
Amery Eyers,aeyers2m@ustream.tv,557-199-0868
Sondra Langstone,slangstone2n@sciencedirect.com,928-457-4137
Nona Franseco,nfranseco2o@geocities.jp,420-546-9832
Ara Layburn,alayburn2p@wikispaces.com,232-200-4664
Domenico Armstrong,darmstrong2q@photobucket.com,136-248-4329
Hewe Walaron,hwalaron2r@vimeo.com,487-670-7860
Duky Kniveton,dkniveton2s@naver.com,205-997-3217
Gram Wilsone,gwilsone2t@hc360.com,409-746-9200
Helen-elizabeth Flancinbaum,hflancinbaum2u@seesaa.net,922-707-7013
Van Miebes,vmiebes2v@wikia.com,286-611-2087
Nolana Norquay,nnorquay2w@surveymonkey.com,614-985-7839
Jeromy Hynd,jhynd2x@google.cn,775-819-5604
June Binley,jbinley2y@oakley.com,758-354-5532
Sheelah Loos,sloos2z@usnews.com,895-983-9667
Dov Di Roberto,ddiroberto30@ow.ly,348-708-0088
Audre Boyett,aboyett31@weather.com,842-122-7239
Lorelei Warrington,lwarrington32@last.fm,133-287-3998
Zonda Woltman,zwoltman33@spotify.com,848-384-6843
Sigismondo Chilles,schilles34@japanpost.jp,141-224-3018
Erminia Kubiak,ekubiak35@goo.ne.jp,599-469-9105
Druci Glenn,dglenn36@bing.com,702-911-5493
Jeromy Gewer,jgewer37@blinklist.com,791-293-4175
Edin O'Fihillie,eofihillie38@example.com,280-553-7008
Garey MacCorkell,gmaccorkell39@wix.com,988-235-4683
Maribeth Bulleyn,mbulleyn3a@cam.ac.uk,152-212-5356
Rianon Mariolle,rmariolle3b@etsy.com,365-538-7361
Roldan Ransfield,rransfield3c@pagesperso-orange.fr,517-384-1355
Tedman Leneham,tleneham3d@nbcnews.com,563-178-5740
Marlo Haggis,mhaggis3e@vinaora.com,503-184-5250
Job Pally,jpally3f@google.com.hk,684-951-3712
Tina Laugherane,tlaugherane3g@cloudflare.com,978-787-9682
Rose Meads,rmeads3h@google.ca,237-704-8250
Trent Nellies,tnellies3i@marketwatch.com,871-146-8323
Lanie Mawer,lmawer3j@about.me,605-259-0533
Kay Carbery,kcarbery3k@who.int,721-192-7228
Agosto Penzer,apenzer3l@forbes.com,829-159-5451
Morgan Mitton,mmitton3m@joomla.org,952-318-1528
Merrick Minchenton,mminchenton3n@clickbank.net,655-995-5365
Genny Tombling,gtombling3o@accuweather.com,873-265-1283
Pinchas Titterrell,ptitterrell3p@google.co.uk,627-408-1450
Randie Sandell,rsandell3q@wikispaces.com,266-258-4852
Sutherlan Arrighetti,sarrighetti3r@bandcamp.com,796-977-8007
Manfred Tilzey,mtilzey3s@netscape.com,477-294-9078
Norby Wason,nwason3t@example.com,469-867-7879
Sonny Passo,spasso3u@ebay.co.uk,547-853-1120
Lorry Patey,lpatey3v@answers.com,984-629-1399
Hasty O'Sheils,hosheils3w@purevolume.com,253-878-6175
Jorgan Code,jcode3x@csmonitor.com,576-542-6943
Giovanna Trudgian,gtrudgian3y@sphinn.com,904-939-8410
Phaidra Sappell,psappell3z@nydailynews.com,718-941-5675
Gratia Riccetti,griccetti40@aboutads.info,699-688-4565
Romeo Maddaford,rmaddaford41@unc.edu,870-880-1960
Jerrylee Bouda,jbouda42@princeton.edu,124-565-3256
Bunnie Cajkler,bcajkler43@redcross.org,118-525-8362
Cally Sheldon,csheldon44@vimeo.com,947-671-7677
Emiline Hansley,ehansley45@wordpress.com,615-457-7372
Angelle Farryann,afarryann46@apple.com,296-398-7808
Thibaud Defraine,tdefraine47@virginia.edu,937-704-6563
Catherin Sawood,csawood48@goo.gl,972-801-1394
Antonietta Mc Harg,amcharg49@youku.com,830-734-1414
Ike Saunter,isaunter4a@twitter.com,130-780-1388
Wes Ricold,wricold4b@latimes.com,498-695-1786
Rahal Orridge,rorridge4c@nasa.gov,909-192-5199
Mal Scates,mscates4d@thetimes.co.uk,736-577-0913
Alica Chapell,achapell4e@usnews.com,528-680-1122
Connie Kennedy,ckennedy4f@utexas.edu,482-868-7511
Hildegarde Beadham,hbeadham4g@fc2.com,568-288-2562
Libby Kaas,lkaas4h@list-manage.com,230-591-9480
Westbrooke Cadman,wcadman4i@oakley.com,228-464-4709
Shalne Boulstridge,sboulstridge4j@networksolutions.com,608-298-0834
Beulah Fransewich,bfransewich4k@tripod.com,854-878-9415
Otis Cossell,ocossell4l@newyorker.com,280-217-9290
Giraldo Moresby,gmoresby4m@furl.net,983-650-6804
Didi Parrott,dparrott4n@europa.eu,617-673-7997
Nelson Gager,ngager4o@washington.edu,498-990-1149
Izzy Zarfati,izarfati4p@sitemeter.com,987-792-3744
Carroll Rosenau,crosenau4q@addtoany.com,169-329-1261
Yevette Okenden,yokenden4r@delicious.com,411-802-2491
Penn Lyes,plyes4s@vk.com,767-621-7700
Hyacintha Galland,hgalland4t@nhs.uk,913-262-6510
Alessandra Lapre,alapre4u@infoseek.co.jp,849-918-0044
Nomi Colclough,ncolclough4v@ucsd.edu,527-391-0838
Julian Wadlow,jwadlow4w@usgs.gov,445-824-2111
Britte Daborne,bdaborne4x@blogs.com,832-569-7468
Harmony Cruft,hcruft4y@amazon.co.uk,815-532-1994
Debera Longland,dlongland4z@over-blog.com,282-307-3342
Phillie Foy,pfoy50@independent.co.uk,133-668-7858
Monica McMurthy,mmcmurthy51@dailymotion.com,107-897-7654
Kinny Pettersen,kpettersen52@who.int,395-439-8382
Ashlan Schuh,aschuh53@mediafire.com,825-912-2118
Arley Sillitoe,asillitoe54@51.la,824-141-7638
Anallise Hamberston,ahamberston55@hhs.gov,648-100-6284
Herrick Cattel,hcattel56@hatena.ne.jp,324-128-8083
Franz Toffoletto,ftoffoletto57@loc.gov,959-914-0090
Stanfield Corness,scorness58@printfriendly.com,123-773-4507
Cody Haken,chaken59@comcast.net,795-199-4722
Prue Gymlett,pgymlett5a@wikimedia.org,443-325-4143
Wyndham Iorizzo,wiorizzo5b@stumbleupon.com,859-637-8551
Maria Skellorne,mskellorne5c@elpais.com,363-702-7181
Raquel Kingh,rkingh5d@kickstarter.com,577-828-9763
Rozele Bewshire,rbewshire5e@cbc.ca,108-298-2652
Flor Pren,fpren5f@drupal.org,505-869-6841
Park von Nassau,pvonnassau5g@fotki.com,951-522-9314
Lisbeth Frugier,lfrugier5h@foxnews.com,961-838-3554
Shurlock Blackaby,sblackaby5i@amazonaws.com,120-353-5059
Lisetta Ryall,lryall5j@cnbc.com,646-917-4880
Gaylord Burden,gburden5k@mac.com,761-895-6906
Lonni Niccols,lniccols5l@acquirethisname.com,429-534-8814
Adele Hauxley,ahauxley5m@adobe.com,205-648-4908
Dante Garlinge,dgarlinge5n@slashdot.org,371-291-9679
Dorolice Karoly,dkaroly5o@jalbum.net,254-907-9037
Neilla Nichols,nnichols5p@blinklist.com,691-783-8158
Dave Isenor,disenor5q@comsenz.com,366-581-6473
Alonzo Bernier,abernier5r@webs.com,757-829-1594
Walsh Comar,wcomar5s@nifty.com,355-598-0509
Vidovik Simester,vsimester5t@sogou.com,997-692-5115
Lesley Lodewick,llodewick5u@examiner.com,700-551-3759
Artemus Anchor,aanchor5v@photobucket.com,750-533-9413
Dominick Petford,dpetford5w@google.ca,439-651-6929
Reagan Bonick,rbonick5x@umn.edu,212-644-1502
Kata MacCrackan,kmaccrackan5y@unesco.org,508-631-7164
Ephrayim Spridgeon,espridgeon5z@earthlink.net,324-285-2783
Teddy Cattini,tcattini60@skype.com,315-277-3676
Elvina Yanin,eyanin61@goo.gl,663-229-3634
Nickolas Whelan,nwhelan62@irs.gov,700-135-2172
Lisbeth Matuszak,lmatuszak63@bloglines.com,908-554-9802
Merrick McAlpine,mmcalpine64@ow.ly,591-300-2337
Christie Sprull,csprull65@lycos.com,212-498-4788
Carly Farny,cfarny66@dyndns.org,297-365-9326
Blithe Gippes,bgippes67@discuz.net,425-151-7157
Kelley Gullane,kgullane68@a8.net,615-471-3067
Kelwin Ciobotaru,kciobotaru69@sfgate.com,521-348-3957
Aleksandr Hablot,ahablot6a@statcounter.com,444-962-9069
Joshua Carnell,jcarnell6b@comcast.net,573-351-9316
Jeniece Sumers,jsumers6c@goo.gl,289-944-2587
Christy Ivery,civery6d@shutterfly.com,967-805-0014
Claudina Prosh,cprosh6e@auda.org.au,754-107-6412
Jeanette Reucastle,jreucastle6f@networksolutions.com,158-792-5524
Zerk Beel,zbeel6g@twitter.com,362-583-2393
Catina Surman-Wells,csurmanwells6h@eepurl.com,875-714-0816
Lombard D'Ambrogio,ldambrogio6i@angelfire.com,680-165-2296
Heather Spondley,hspondley6j@answers.com,542-902-5615
Morrie Dundridge,mdundridge6k@shinystat.com,420-594-4783
Alix Shimman,ashimman6l@facebook.com,716-404-8209
Rodolphe Hasley,rhasley6m@alexa.com,685-106-4922
Calhoun Flemmich,cflemmich6n@illinois.edu,206-603-9575
Kenn Wilcocks,kwilcocks6o@ucoz.ru,700-920-1737
Marcelle Ander,mander6p@edublogs.org,789-620-1706
Catrina Clohissy,cclohissy6q@mediafire.com,481-641-2449
Edeline Rooksby,erooksby6r@hostgator.com,371-958-4581
Hilary Puttick,hputtick6s@ycombinator.com,621-708-9072
Mickie Peatheyjohns,mpeatheyjohns6t@sphinn.com,571-968-4896
Cherilyn Ciabatteri,cciabatteri6u@google.nl,522-286-3875
Tobiah Slaughter,tslaughter6v@delicious.com,246-449-0270
Patricio Stainton,pstainton6w@theatlantic.com,937-497-5607
Griffy Mustard,gmustard6x@bbc.co.uk,623-686-7895
Gaby Deme,gdeme6y@ihg.com,210-652-7739
Sal Mayer,smayer6z@unicef.org,896-605-7674
Hal Lambis,hlambis70@topsy.com,388-902-3805
Raimund Hitschke,rhitschke71@miitbeian.gov.cn,838-854-6096
Garold Slate,gslate72@instagram.com,674-140-5269
Zsa zsa Lipyeat,zlipyeat73@deviantart.com,344-139-8952
Aila Bottomer,abottomer74@foxnews.com,923-752-8830
Kissiah Winston,kwinston75@businessweek.com,644-770-5541
Jermaine Moulden,jmoulden76@china.com.cn,393-108-8803
Sky Keary,skeary77@smh.com.au,877-132-9130
Nikita Huygens,nhuygens78@addthis.com,919-836-7230
Kandace Tyas,ktyas79@creativecommons.org,949-552-5893
Hale Wharby,hwharby7a@jalbum.net,536-983-6399
Frankie Binyon,fbinyon7b@jigsy.com,625-753-6001
Allan Persent,apersent7c@columbia.edu,711-378-6962
Martie Dict,mdict7d@biblegateway.com,674-856-7638
Christoforo Eck,ceck7e@umn.edu,143-878-1604
Virgina Burnside,vburnside7f@epa.gov,170-887-1302
Wolfie Dodshun,wdodshun7g@amazon.co.jp,255-739-7949
Winne Ditter,wditter7h@nationalgeographic.com,400-519-3360
Brigham Bayns,bbayns7i@blogspot.com,188-714-7546
Annmarie Schuck,aschuck7j@unesco.org,708-582-1917
Andrej Menzies,amenzies7k@nydailynews.com,737-645-6640
Jania Kelleher,jkelleher7l@mac.com,482-360-5705
Adham Logue,alogue7m@ow.ly,923-275-9170
Rivalee Bigg,rbigg7n@apache.org,806-379-7878
Eimile MacCallam,emaccallam7o@ebay.co.uk,373-164-2258
Doralin Oloshin,doloshin7p@google.nl,917-334-4458
Tessy Devil,tdevil7q@umich.edu,206-668-8573
Laraine Freeberne,lfreeberne7r@sourceforge.net,101-328-6017
Raimondo Howsley,rhowsley7s@amazon.co.jp,245-489-1926
Alisa Birds,abirds7t@usnews.com,166-584-3663
Brit Hazelgreave,bhazelgreave7u@alexa.com,640-317-6913
Robinet McDade,rmcdade7v@ftc.gov,696-889-1830
Rinaldo Trewman,rtrewman7w@netvibes.com,555-685-0819
Lyman Wittke,lwittke7x@instagram.com,116-191-2000
Norry Mees,nmees7y@nature.com,636-312-6050
Gabriella Close,gclose7z@dedecms.com,499-849-0065
Rosie Keesman,rkeesman80@photobucket.com,421-759-7086
Bonni Gillimgham,bgillimgham81@microsoft.com,880-221-8961
Dosi Macieiczyk,dmacieiczyk82@google.it,675-841-8145
Jacinthe Gabbott,jgabbott83@alibaba.com,431-574-3982
Rosalinde Ridout,rridout84@dagondesign.com,513-808-0849
Lizbeth Climer,lclimer85@adobe.com,625-306-8153
Wheeler Stalley,wstalley86@ocn.ne.jp,429-711-2771
Melloney Heintze,mheintze87@kickstarter.com,244-340-1721
Sula Ollivierre,sollivierre88@desdev.cn,133-775-7019
Colver MacSweeney,cmacsweeney89@homestead.com,578-755-3071
Torrey Aizikovitz,taizikovitz8a@earthlink.net,852-269-6688
Barny Beminster,bbeminster8b@barnesandnoble.com,452-281-6856
Colby Sadd,csadd8c@multiply.com,755-102-8132
Pernell Westnedge,pwestnedge8d@deliciousdays.com,456-171-7135
Gonzales Kalinsky,gkalinsky8e@baidu.com,763-627-7087
Benni Dowsey,bdowsey8f@eepurl.com,763-367-4713
Laura Drysdall,ldrysdall8g@usnews.com,822-605-6108
Drew Flatte,dflatte8h@google.com.au,393-555-2341
Lea Gledhall,lgledhall8i@seattletimes.com,155-899-3411
Lorie Evesque,levesque8j@senate.gov,135-151-5391
Daven Lux,dlux8k@princeton.edu,174-977-3558
Ruperta Flecknoe,rflecknoe8l@xing.com,593-193-3872
Stuart Alpine,salpine8m@jimdo.com,278-841-8855
Helge Menere,hmenere8n@usda.gov,544-847-8082
Minna Lewtey,mlewtey8o@domainmarket.com,539-841-7266
Rebecka Fishburn,rfishburn8p@booking.com,750-954-7821
Leisha Mapplebeck,lmapplebeck8q@addtoany.com,693-811-9800
Berny Staples,bstaples8r@cbsnews.com,594-873-7250
Robinia Worley,rworley8s@yelp.com,117-579-8635
Fonz Eagling,feagling8t@mapy.cz,508-912-5167
Concettina Aggio,caggio8u@marriott.com,879-619-2110
Irena Grey,igrey8v@webnode.com,409-178-1347
Abbey Mallard,amallard8w@theatlantic.com,497-515-0137
Sumner Vokes,svokes8x@ibm.com,568-737-9845
Phebe Endrizzi,pendrizzi8y@utexas.edu,860-682-1731
Grenville Barrie,gbarrie8z@princeton.edu,823-141-4792
Clemmy Vennings,cvennings90@wikia.com,694-562-4174
Issie Johnstone,ijohnstone91@huffingtonpost.com,263-518-2860
Nina Leggett,nleggett92@chicagotribune.com,708-336-7847
Annis Sangra,asangra93@wikimedia.org,386-502-6895
Giuseppe Dane,gdane94@posterous.com,918-941-2601
Park Dachey,pdachey95@cnn.com,841-996-8506
Northrup Butting,nbutting96@wsj.com,571-280-4401
Francis Dadswell,fdadswell97@list-manage.com,117-559-7428
Delilah Delnevo,ddelnevo98@barnesandnoble.com,262-559-7087
Daniel Spier,dspier99@shareasale.com,606-193-3241
Kerianne Harbage,kharbage9a@liveinternet.ru,617-977-5286
Vladamir Le Pine,vlepine9b@nsw.gov.au,620-133-6472
Denny Gooderson,dgooderson9c@hao123.com,557-755-2626
Rorke Polley,rpolley9d@rakuten.co.jp,853-733-1669
Rhoda Dymond,rdymond9e@simplemachines.org,302-621-8466
Mommy Roumier,mroumier9f@hibu.com,230-515-3177
Karlens Loidl,kloidl9g@nasa.gov,974-215-0019
Lionel Finby,lfinby9h@fc2.com,419-657-9810
Nil Pelz,npelz9i@angelfire.com,187-178-3592
Mac Mogridge,mmogridge9j@imageshack.us,186-214-6748
Franklyn McDermid,fmcdermid9k@nifty.com,385-251-2448
Leonhard Patching,lpatching9l@stanford.edu,904-170-8923
Darnall Burdett,dburdett9m@dailymail.co.uk,242-911-0838
Emmy Buckthorp,ebuckthorp9n@nymag.com,254-992-0681
Chev Bert,cbert9o@geocities.com,647-643-1637
Avrom Vautier,avautier9p@csmonitor.com,541-251-3478
Katti Reicharz,kreicharz9q@webeden.co.uk,999-166-3232
Harper Orkney,horkney9r@pagesperso-orange.fr,501-805-3883
Nataline Crowd,ncrowd9s@odnoklassniki.ru,551-857-4854
Bambie Halkyard,bhalkyard9t@statcounter.com,338-773-6845
Taddeo Stodd,tstodd9u@army.mil,647-525-9173
Kayley Bohling,kbohling9v@angelfire.com,425-855-0359
Magnum Marrow,mmarrow9w@yale.edu,580-476-7607
Fern Nockells,fnockells9x@istockphoto.com,499-588-0199
Melodee Canacott,mcanacott9y@blinklist.com,860-141-3677
Sollie Persicke,spersicke9z@amazon.co.uk,270-190-3493
Consuelo Pitchers,cpitchersa0@archive.org,722-917-7407
Marabel Selvey,mselveya1@redcross.org,489-694-1982
Teodor Gladdolph,tgladdolpha2@etsy.com,162-511-4877
Lizbeth Tanti,ltantia3@howstuffworks.com,547-873-7263
Graham Kirkup,gkirkupa4@sitemeter.com,122-591-9669
Lacee Gyves,lgyvesa5@goo.gl,338-213-4235
Roma Scoon,rscoona6@ow.ly,731-667-6186
Frannie Antrack,fantracka7@imageshack.us,211-255-2896
Sunshine ducarme,sducarmea8@wisc.edu,588-187-6390
Carey Triplow,ctriplowa9@bravesites.com,461-335-2898
Barri Lebreton,blebretonaa@weibo.com,895-368-1551
Rochette Janisson,rjanissonab@skyrock.com,370-463-7629
Colette Jirka,cjirkaac@plala.or.jp,904-928-4498
Karoly Heatly,kheatlyad@china.com.cn,926-310-8120
Letitia Raithmill,lraithmillae@cloudflare.com,921-766-7327
Erda Sherer,eshereraf@symantec.com,647-232-0767
Wernher Leidecker,wleideckerag@wisc.edu,390-483-0275
Odette Noye,onoyeah@1688.com,817-626-6797
Chaddie Broughton,cbroughtonai@ehow.com,498-902-6937
Aylmar Bennington,abenningtonaj@posterous.com,863-461-9700
Jilly Wheal,jwhealak@devhub.com,380-889-4794
Dru Koppeck,dkoppeckal@diigo.com,997-873-1049
Mata Panting,mpantingam@simplemachines.org,332-407-3775
Catha Gepp,cgeppan@ycombinator.com,580-900-1606
Tyler Tabbernor,ttabbernorao@whitehouse.gov,518-367-7641
Fraze Scriven,fscrivenap@latimes.com,944-724-0682
Darnall Tebboth,dtebbothaq@skype.com,342-171-4808
Jacenta Dignum,jdignumar@delicious.com,853-923-5185
Emlen Tokley,etokleyas@typepad.com,421-515-7224
Federico Balazin,fbalazinat@gravatar.com,779-214-4467
Devon Tebbutt,dtebbuttau@huffingtonpost.com,335-623-9239
Moore McRitchie,mmcritchieav@time.com,438-474-6419
Eamon Verrillo,everrilloaw@google.es,955-301-6984
Parke Hazleton,phazletonax@edublogs.org,651-311-5617
Jandy Lomas,jlomasay@is.gd,538-234-7833
Lynda Bavister,lbavisteraz@digg.com,671-761-6801
Robinetta Haddacks,rhaddacksb0@skype.com,876-250-6061
Cornela Stidworthy,cstidworthyb1@jiathis.com,767-956-0339
Tami Ivanuschka,tivanuschkab2@is.gd,181-630-0938
Isidora Satterly,isatterlyb3@photobucket.com,951-922-6361
Jami Cottage,jcottageb4@rediff.com,352-686-0264
Enrica MacLennan,emaclennanb5@typepad.com,935-771-2832
Tamar Wishkar,twishkarb6@wikia.com,515-935-6182
Rebeka Southwood,rsouthwoodb7@google.de,362-407-3681
Nevins Rounsefell,nrounsefellb8@imageshack.us,705-560-7932
Sibby Armitage,sarmitageb9@barnesandnoble.com,508-365-6179
Charil Montier,cmontierba@wikispaces.com,662-815-9968
Nickey Decroix,ndecroixbb@techcrunch.com,249-968-4012
Alasteir Gehrels,agehrelsbc@linkedin.com,941-540-3982
Elnora Gabites,egabitesbd@live.com,614-937-4809
Augie Chaundy,achaundybe@purevolume.com,778-789-0246
Diandra Snowding,dsnowdingbf@noaa.gov,563-286-2352
Brit Sorey,bsoreybg@nba.com,513-199-6788
Mabel Leith-Harvey,mleithharveybh@livejournal.com,973-417-9163
Mignon Fairham,mfairhambi@vinaora.com,920-653-3810
Cornall Dennis,cdennisbj@mapy.cz,178-914-5393
Forster Baccus,fbaccusbk@illinois.edu,579-614-9683
Jarib Denis,jdenisbl@seesaa.net,563-140-3547
Camellia Poulett,cpoulettbm@omniture.com,181-231-4867
Woodie Teasell,wteasellbn@51.la,306-331-7552
Niven Stoffel,nstoffelbo@topsy.com,486-558-6914
Berty Laurant,blaurantbp@tinypic.com,603-345-1588
Brier Geffcock,bgeffcockbq@ebay.co.uk,781-212-9913
Beulah Conman,bconmanbr@ihg.com,776-310-9613
Joceline Brewster,jbrewsterbs@walmart.com,197-584-4060
Odell Mary,omarybt@fda.gov,688-115-2679
Calli Guidera,cguiderabu@furl.net,853-296-1202
Paulina Dixcee,pdixceebv@trellian.com,327-341-1827
Tarrah Holtham,tholthambw@un.org,284-882-8499
Shannan Crassweller,scrasswellerbx@hugedomains.com,679-418-1729
Elise Brownsall,ebrownsallby@tiny.cc,630-352-9324
Martyn Kunz,mkunzbz@hostgator.com,266-181-3784
Trixie Swainston,tswainstonc0@a8.net,979-245-6411
Donni Testo,dtestoc1@blogs.com,530-882-2724
Gaven Chaney,gchaneyc2@google.com.br,619-451-7220
Mariejeanne Giorgini,mgiorginic3@tuttocitta.it,609-470-6360
Therese Coulthard,tcoulthardc4@comsenz.com,193-631-3899
Niels Hanselmann,nhanselmannc5@so-net.ne.jp,495-390-4222
Chiquia Balma,cbalmac6@flavors.me,155-739-4536
Virginie Wagon,vwagonc7@alibaba.com,320-342-6534
Aprilette Patington,apatingtonc8@homestead.com,199-750-5624
Brock Dillet,bdilletc9@newsvine.com,850-622-5187
Bendick Swansbury,bswansburyca@cdbaby.com,884-866-6169
Tibold Schuchmacher,tschuchmachercb@quantcast.com,354-960-1109
Roz Holwell,rholwellcc@infoseek.co.jp,990-445-4889
Alleyn Wilstead,awilsteadcd@mozilla.com,837-158-4850
Renell Leathe,rleathece@ifeng.com,928-830-0719
Anna-diane Abbitt,aabbittcf@nps.gov,661-756-2452
Vonny Gisbey,vgisbeycg@illinois.edu,303-191-2571
Tommy Luther,tlutherch@comcast.net,197-151-2620
Kalina Stiffkins,kstiffkinsci@cnbc.com,712-472-7622
Olenolin Fiorentino,ofiorentinocj@omniture.com,120-495-2930
Way Beade,wbeadeck@mozilla.org,289-398-4482
Hi Solloway,hsollowaycl@phoca.cz,953-373-2634
Far MacMarcuis,fmacmarcuiscm@facebook.com,456-151-4307
Mikel Mell,mmellcn@seattletimes.com,691-997-0379
Evonne Conerding,econerdingco@51.la,682-839-8631
Marius Bernetti,mbernetticp@auda.org.au,202-679-2631
Babbie Catchpole,bcatchpolecq@comsenz.com,984-700-8107
Keven Dowrey,kdowreycr@google.cn,764-268-1651
Udell Magill,umagillcs@washingtonpost.com,164-238-0356
Deeyn Winterburn,dwinterburnct@howstuffworks.com,284-502-1463
Consalve Jeanesson,cjeanessoncu@plala.or.jp,939-292-4881
Adam Portail,aportailcv@163.com,400-905-2786
Beverlie Hixson,bhixsoncw@bbc.co.uk,231-399-7210
Jillene Cowan,jcowancx@salon.com,988-566-3919
Hewitt Stowers,hstowerscy@jalbum.net,611-860-9609
Codie Lupson,clupsoncz@qq.com,756-803-6288
Carine Fisby,cfisbyd0@so-net.ne.jp,179-771-9853
Adrianna Barkas,abarkasd1@goodreads.com,299-340-7861
Brenda Stothard,bstothardd2@usda.gov,369-888-3132
Graehme Jee,gjeed3@shop-pro.jp,213-125-4077
Halie Chardin,hchardind4@stanford.edu,760-385-0650
Archaimbaud Stovine,astovined5@networkadvertising.org,601-919-5732
Thia McNeilly,tmcneillyd6@bravesites.com,582-551-9281
Casi Lippitt,clippittd7@uol.com.br,785-823-5461
Jenn Eagleston,jeaglestond8@vk.com,913-610-6976
Meggi O'Hingerty,mohingertyd9@github.com,677-672-5799
Adolphus Schonfelder,aschonfelderda@wix.com,689-198-8793
Ruy Baterip,rbateripdb@purevolume.com,190-784-3067
Vinson Sorensen,vsorensendc@example.com,232-870-2491
Philippe Diggens,pdiggensdd@sphinn.com,418-399-1240
Mady Brimfield,mbrimfieldde@360.cn,953-307-3849
Pegeen Bangham,pbanghamdf@tripadvisor.com,775-346-4990
Dunn Rakestraw,drakestrawdg@cafepress.com,283-554-3715
Martyn Munson,mmunsondh@china.com.cn,793-861-3407
Zaria Dorwood,zdorwooddi@e-recht24.de,180-194-7847
Lorry Buckenham,lbuckenhamdj@eventbrite.com,395-130-9998
Lynne Ortet,lortetdk@ovh.net,482-224-7203
Skippy Yurkiewicz,syurkiewiczdl@sitemeter.com,549-453-2918
Alicia Sunter,asunterdm@163.com,363-154-4312
Vick Geffinger,vgeffingerdn@boston.com,229-592-8009
Derrick Elbourn,delbourndo@marriott.com,737-990-7532
Aleda Dominique,adominiquedp@shop-pro.jp,418-451-0720
Debera Ivanyutin,divanyutindq@plala.or.jp,916-210-6173
Kirstin Grinyakin,kgrinyakindr@unc.edu,828-711-0882
Haywood Rumbold,hrumboldds@liveinternet.ru,293-764-4418
Karalynn Lambkin,klambkindt@ebay.com,928-568-1974
Kessiah Tynemouth,ktynemouthdu@ning.com,690-215-8097
Carmela Kaubisch,ckaubischdv@wikia.com,307-726-6526
